{
  "ball": {
    "x": 937.875,
    "y": 512.87890625,
    "radius": 25
  },
  "eye": {
    "x": 600,
    "y": 770
  },
  "mirrors": [
    {
      "x1": 811.9115379456099,
      "y1": 456.1148430097739,
      "x2": 1059.7869369457599,
      "y2": 423.59121205447576,
      "normal": {
        "x": 0.13009452382119255,
        "y": 0.9915015960006001
      },
      "width": 4
    }
  ]
}