{
  "ball": {
    "x": 976.375,
    "y": 330.1328125,
    "radius": 25
  },
  "eye": {
    "x": 476.75,
    "y": 554.7890625
  },
  "mirrors": [
    {
      "x1": 156.337934004426,
      "y1": 334.9000429834651,
      "x2": 405.8088592663729,
      "y2": 318.64404566099677,
      "normal": {
        "x": 0.06502398928987327,
        "y": 0.9978837010477877
      },
      "width": 4
    },
    {
      "x1": 396.625,
      "y1": 517.1328125,
      "x2": 183,
      "y2": 528,
      "normal": {
        "x": -0.05080469839749383,
        "y": -0.9987086074630276
      },
      "width": 4
    },
    {
      "x1": 315,
      "y1": 85,
      "x2": 565,
      "y2": 85,
      "normal": {
        "x": 0,
        "y": 1
      },
      "width": 4
    },
    {
      "x1": 115,
      "y1": 760,
      "x2": 365,
      "y2": 760,
      "normal": {
        "x": 0,
        "y": 1
      },
      "width": 4
    }
  ]
}