{
  "ball": {
    "x": 596.25,
    "y": 230.7890625,
    "radius": 30
  },
  "eye": {
    "x": 556.25,
    "y": 356.7890625
  },
  "mirrors": [
    {
      "x1": 729.25,
      "y1": 320.7890625,
      "x2": 420.25,
      "y2": 275.7890625,
      "normal": {
        "x": 0.1441109043111234,
        "y": -0.9895615429363807
      },
      "width": 4
    }
  ]
}