{
  "ball": {
    "x": 617.375,
    "y": 486.1328125,
    "radius": 25
  },
  "eye": {
    "x": 499.375,
    "y": 464.1328125
  },
  "mirrors": [
    {
      "x1": 335.375,
      "y1": 430.1328125,
      "x2": 926.375,
      "y2": 444.1328125,
      "normal": {
        "x": -0.023682019599045267,
        "y": 0.9997195416454109
      },
      "width": 4
    },
    {
      "x1": 775.375,
      "y1": 476.1328125,
      "x2": 453.375,
      "y2": 599.1328125,
      "normal": {
        "x": -0.35683967118718557,
        "y": -0.9341656432705183
      },
      "width": 4
    }
  ]
}