{
  "ball": {
    "x": 454.25,
    "y": 382.7890625,
    "radius": 25
  },
  "eye": {
    "x": 463.25,
    "y": 426.7890625
  },
  "mirrors": [
    {
      "x1": 118.25,
      "y1": 191.7890625,
      "x2": 526.25,
      "y2": 43.7890625,
      "normal": {
        "x": 0.3410029625539465,
        "y": 0.9400622210946634
      },
      "width": 4
    },
    {
      "x1": 650.25,
      "y1": 747.7890625,
      "x2": 186.25,
      "y2": 666.7890625,
      "normal": {
        "x": 0.17196832090658554,
        "y": -0.9851024802550086
      },
      "width": 4
    },
    {
      "x1": 873.25,
      "y1": 435.7890625,
      "x2": 839,
      "y2": 516,
      "normal": {
        "x": -0.9196677693408479,
        "y": -0.39269733133245127
      },
      "width": 4
    }
  ]
}