{
  "ball": {
    "x": 511.9779903825076,
    "y": 434.5251057939566,
    "radius": 25
  },
  "eye": {
    "x": 575.875,
    "y": 427.87890625
  },
  "mirrors": [
    {
      "x1": 410.875,
      "y1": 400.87890625,
      "x2": 945.7143401260931,
      "y2": 433.0214272849521,
      "normal": {
        "x": -0.05998929138651883,
        "y": 0.9981990206962454
      },
      "width": 4
    },
    {
      "x1": 750.875,
      "y1": 449.87890625,
      "x2": 409.875,
      "y2": 465.87890625,
      "normal": {
        "x": -0.04686925665808348,
        "y": -0.9989010325254042
      },
      "width": 4
    },
    {
      "x1": 410.875,
      "y1": 467.87890625,
      "x2": 411,
      "y2": 409,
      "normal": {
        "x": 0.99999774644016,
        "y": 0.0021229966089089843
      },
      "width": 4
    },
    {
      "x1": 648,
      "y1": 413,
      "x2": 606.875,
      "y2": 452.87890625,
      "normal": {
        "x": -0.696146901030133,
        "y": -0.717899360764545
      },
      "width": 4
    }
  ]
}