{
  "ball": {
    "x": 634,
    "y": 459.66666412353516,
    "radius": 25
  },
  "eye": {
    "x": 584,
    "y": 461.66666412353516
  },
  "mirrors": [
    {
      "x1": 547,
      "y1": 432.66666412353516,
      "x2": 677,
      "y2": 428.66666412353516,
      "normal": {
        "x": 0.03075467578697396,
        "y": 0.9995269630766537
      },
      "width": 4
    },
    {
      "x1": 693,
      "y1": 483.66666412353516,
      "x2": 562,
      "y2": 480.66666412353516,
      "normal": {
        "x": 0.022894760624763696,
        "y": -0.9997378806146814
      },
      "width": 4
    },
    {
      "x1": 554,
      "y1": 495.66666412353516,
      "x2": 548,
      "y2": 433.66666412353516,
      "normal": {
        "x": 0.9953500135553002,
        "y": -0.09632419486019034
      },
      "width": 4
    },
    {
      "x1": 685,
      "y1": 428,
      "x2": 708,
      "y2": 484.66666412353516,
      "normal": {
        "x": -0.9265853122312628,
        "y": 0.3760846436073839
      },
      "width": 4
    }
  ]
}