{
  "ball": {
    "x": 617.375,
    "y": 486.1328125,
    "radius": 25
  },
  "eye": {
    "x": 499.375,
    "y": 464.1328125
  },
  "mirrors": [
    {
      "x1": 339.375,
      "y1": 402.1328125,
      "x2": 930.375,
      "y2": 416.1328125,
      "normal": {
        "x": -0.023682019599045267,
        "y": 0.9997195416454109
      },
      "width": 4
    },
    {
      "x1": 801,
      "y1": 507,
      "x2": 400.375,
      "y2": 558.1328125,
      "normal": {
        "x": -0.12660556355422767,
        "y": -0.9919531396578753
      },
      "width": 4
    }
  ]
}