{
  "ball": {
    "x": 567.625,
    "y": 386.1328125,
    "radius": 25
  },
  "eye": {
    "x": 600,
    "y": 770
  },
  "mirrors": [
    {
      "x1": 190.625,
      "y1": 344.1328125,
      "x2": 659.625,
      "y2": 235.1328125,
      "normal": {
        "x": 0.22637603067176695,
        "y": 0.9740399851840247
      },
      "width": 4
    },
    {
      "x1": 542.625,
      "y1": 644.1328125,
      "x2": 481.625,
      "y2": 400.1328125,
      "normal": {
        "x": 0.9701425001453319,
        "y": -0.24253562503633297
      },
      "width": 4
    },
    {
      "x1": 696,
      "y1": 491,
      "x2": 673.625,
      "y2": 683.1328125,
      "normal": {
        "x": -0.9932872137769657,
        "y": -0.11567415851084577
      },
      "width": 4
    },
    {
      "x1": 270.625,
      "y1": 540.1328125,
      "x2": 359,
      "y2": 372,
      "normal": {
        "x": 0.8851696942077313,
        "y": 0.465268323074107
      },
      "width": 4
    }
  ]
}