{
  "ball": {
    "x": 617.375,
    "y": 486.1328125,
    "radius": 25
  },
  "eye": {
    "x": 499.375,
    "y": 464.1328125
  },
  "mirrors": [
    {
      "x1": 337.375,
      "y1": 414.1328125,
      "x2": 928.375,
      "y2": 428.1328125,
      "normal": {
        "x": -0.023682019599045267,
        "y": 0.9997195416454109
      },
      "width": 4
    },
    {
      "x1": 798,
      "y1": 477,
      "x2": 397.375,
      "y2": 528.1328125,
      "normal": {
        "x": -0.12660556355422767,
        "y": -0.9919531396578753
      },
      "width": 4
    },
    {
      "x1": 673.5,
      "y1": 421.1328125,
      "x2": 681.5,
      "y2": 490.1328125,
      "normal": {
        "x": -0.9933457360331984,
        "y": 0.11517052011979112
      },
      "width": 4
    }
  ]
}