{
  "ball": {
    "x": 653.3333282470703,
    "y": 472.66666412353516,
    "radius": 25
  },
  "eye": {
    "x": 499.375,
    "y": 464.1328125
  },
  "mirrors": [
    {
      "x1": 335.375,
      "y1": 430.1328125,
      "x2": 926.375,
      "y2": 444.1328125,
      "normal": {
        "x": -0.023682019599045267,
        "y": 0.9997195416454109
      },
      "width": 4
    },
    {
      "x1": 775.375,
      "y1": 476.1328125,
      "x2": 453.375,
      "y2": 599.1328125,
      "normal": {
        "x": -0.35683967118718557,
        "y": -0.9341656432705183
      },
      "width": 4
    },
    {
      "x1": 400.3333282470703,
      "y1": 754.6666641235352,
      "x2": 351.3333282470703,
      "y2": 454.66666412353516,
      "normal": {
        "x": 0.9869222019659969,
        "y": -0.1611972929877795
      },
      "width": 4
    }
  ]
}