{
  "ball": {
    "x": 735.875,
    "y": 393.7578125,
    "radius": 25
  },
  "eye": {
    "x": 600,
    "y": 770
  },
  "mirrors": [
    {
      "x1": 553.932239065021,
      "y1": 375.3329428048604,
      "x2": 834.875,
      "y2": 255.7578125,
      "normal": {
        "x": 0.39162454154479626,
        "y": 0.9201251102213373
      },
      "width": 4
    },
    {
      "x1": 558.875,
      "y1": 780.7578125,
      "x2": 554.875,
      "y2": 381.7578125,
      "normal": {
        "x": 0.9999497528467837,
        "y": -0.010024558925782292
      },
      "width": 4
    },
    {
      "x1": 837,
      "y1": 255,
      "x2": 904.875,
      "y2": 390.7578125,
      "normal": {
        "x": -0.8944374852612501,
        "y": 0.44719300638486165
      },
      "width": 4
    },
    {
      "x1": 911.875,
      "y1": 395.7578125,
      "x2": 681.875,
      "y2": 798.7578125,
      "normal": {
        "x": -0.868508262027687,
        "y": -0.4956746904872656
      },
      "width": 4
    }
  ]
}