{
  "ball": {
    "x": 564,
    "y": 106.66666412353516,
    "radius": 25
  },
  "eye": {
    "x": 600,
    "y": 770
  },
  "mirrors": [
    {
      "x1": 231,
      "y1": 97.66666412353516,
      "x2": 936,
      "y2": 766.6666641235352,
      "normal": {
        "x": -0.6883437374053195,
        "y": 0.7253846560100901
      },
      "width": 4
    },
    {
      "x1": 298,
      "y1": 770.6666641235352,
      "x2": 854,
      "y2": 109,
      "normal": {
        "x": 0.7655908818022877,
        "y": 0.6433277560475653
      },
      "width": 4
    }
  ]
}